Title;Category;How to test;Expected Result
Full unstake immediately after unlock;Happy path;Wait until the position's lock-end timestamp passes, open the position, click "Unstake", approve in Phantom;Transaction confirms; principal plus any due rewards are returned to the wallet; position is closed/removed from "My Positions"
Full unstake well after unlock (delayed, not immediate);Happy path;Let an unlocked position sit unclaimed/un-unstaked for a while, then unstake it;Unstake still succeeds and pays out the correct amount per the reward spec (verify whether rewards keep accruing past unlock or freeze at unlock — behavior must match design, not just "seems fine")
Sequential unstake of multiple independent positions;Happy path;Create 3+ independent positions from one wallet, unstake them one after another (A, then B, then C);Each unstake is independent; unstaking one position does not affect the balance, lock timer, or existence of the others
Unstake right at the unlock boundary (script/rapid retry near the exact timestamp);Timing / lock;Attempt unstake at, just before, and just after the on-chain unlock timestamp (e.g. loop-retry near the boundary);Unstake is rejected strictly before the unlock timestamp and accepted at/after it — no off-by-one gap or premature acceptance
Attempt unstake 1 second before unlock;Timing / lock;With a position whose lock is about to end, attempt unstake slightly early;Action is blocked by the UI and rejected on-chain if attempted directly
Lock countdown shown in UI matches on-chain unlock timestamp;Timing / lock;Compare the UI's displayed "unlocks in ..." countdown against the on-chain lock-end value read directly from the position account;Values match; UI does not show "unlocked" before the program would actually accept the unstake (no client-side drift)
Device clock manipulation does not affect lock/unlock state;Timing / lock;Change the local device clock forward or backward by several days, then check the lock/unlock state and try to unstake;State and enforcement are based on on-chain Clock, not the device's system time — changing the device clock has no effect
Attempt to unstake an already-closed/fully-unstaked position;Validation;Fully unstake a position, then try to trigger "Unstake" on it again (e.g. via a stale UI tab, browser back button, or resubmitting the same request);Clear error is shown ("position not found"/"already closed"); no crash, no double payout
Attempt unstake with insufficient SOL for the network fee;Validation;Drain the wallet's SOL down to (near) zero, keep MEX staked, attempt unstake;Transaction fails gracefully with an insufficient-funds-for-fee style error; the position remains staked and intact
Attempt unstake while wallet session/connection is lost mid-flow;Validation;Disconnect/lock Phantom after opening the unstake confirmation dialog but before signing, then try to proceed;UI prompts to reconnect; no transaction is submitted without a valid connected signer
Confirm whether partial unstake is supported, and test accordingly;Validation;Check PRD/spec and UI for a partial-unstake option; if present, unstake less than the full staked amount and verify the remainder stays staked correctly; if absent, confirm no hidden instruction path allows partial withdrawal with inconsistent state;If partial unstake is supported, the remaining balance keeps accruing correctly under its original lock/tier; if not supported, no partial-withdrawal path exists that could desync UI and on-chain state
Submit unstake instruction for a position PDA owned by another wallet (IDOR);Security / IDOR;Copy an unstake request from the Network tab, replace the position account with another (victim) wallet's known position PDA, sign as the attacker, submit directly;Program rejects the instruction (signer is not the authority/owner on that position account); victim's funds are not withdrawn
Redirect unstake payout to an attacker-controlled destination account;Security / IDOR;Modify the intercepted unstake transaction's destination token account to an ATA that does not belong to the position's owner, then submit;Program validates the destination account against the owner's associated token account and rejects the mismatched destination
Bypass the UI's locked/disabled unstake button via a raw instruction;Security / IDOR;While a position is still inside its lock window, copy the unstake request structure from Network tab and submit it directly (bypassing the disabled UI control);Program rejects the unstake based on the on-chain lock-end check, independent of what the UI would allow to be built
Pass a manually-derived, wrong-seed PDA as the position account;Security / IDOR;Craft an unstake instruction referencing a PDA that is syntactically valid but not derived from the correct seeds/bump for that position, submit it;Program's account validation rejects the mismatched PDA
Replay a previously confirmed unstake transaction;Security / IDOR;Resubmit the exact same fully-signed unstake transaction (same signature, same blockhash) after it has already been confirmed;Second submission is rejected as already processed; no double payout occurs
Attempt unstake using a stale/expired blockhash;Security / IDOR;Build and sign an unstake transaction, wait past the blockhash validity window (~60-90s), then submit;Submission fails due to expired/not-found blockhash rather than executing with stale context
Race two unstake requests on the same position;Race condition;Trigger "Unstake" on the same position twice in quick succession (two browser tabs or a rapid double-click bypassing any UI debounce);Only the first request succeeds; the second fails because the position account no longer exists/has no funds — no double withdrawal
Race unstake and claim on the same position;Race condition;Simultaneously trigger "Unstake" and "Claim" on the same position (two tabs, near-simultaneous submission);Requests resolve consistently — rewards are neither paid out twice nor silently lost between the two operations
Race unstake and check-in at the moment of unlock;Race condition;At the exact moment a position unlocks, simultaneously attempt a check-in and an unstake;Both resolve in a well-defined, consistent order per the on-chain logic; no state is left where streak/rewards are corrupted or duplicated
Atomicity when unstake bundles auto-compound-at-unlock in the same transaction;Solana mechanics;Force a failure partway through a combined unstake+auto-compound transaction (e.g. insufficient rent for a newly required account) and observe the result;The entire transaction fails and rolls back as a unit; there is no partial state where compounding happened but the transfer/close did not (or vice versa)
Network fee is charged even when the unstake instruction is rejected;Solana mechanics;Attempt an unstake that is expected to be rejected on-chain (e.g. raw instruction sent before unlock), inspect the fee payer's SOL balance before/after;Behavior is verified and documented: either the fee is charged despite instruction failure (typical for on-chain program errors) or the request fails at simulation before broadcast (no fee) — confirm which applies here and that it matches user-facing messaging
Compute budget is sufficient for unstake with many pending reward computations;Solana mechanics;Let a position accrue rewards across many check-in/tier changes, then unstake it and inspect compute units consumed on a devnet explorer;Transaction confirms without exceeding the compute unit limit, or the app explicitly requests additional compute budget via `ComputeBudgetProgram` and still stays within protocol limits
Position PDA account is closed and rent refunded on full unstake;Rent / accounts;Fully unstake a position and inspect the position PDA's account status and the recipient's SOL balance change on a devnet explorer;The position account is closed; its rent-exempt lamports are refunded to the correct party (staker or fee payer, per design) beyond the network fee
Wallet's MEX associated token account is not closed by unstake;Rent / accounts;Unstake a position fully, then check whether the wallet's MEX ATA still exists and is reusable;The ATA persists after unstake (only the position account should close) so future stakes don't need to re-pay ATA rent
Closing one position's account does not affect sibling positions;Rent / accounts;With 2+ independent positions open, fully unstake one of them and check the others;The remaining positions' balances, lock timers, and accounts are completely unaffected
Unstake behavior when the pool/program is paused by admin multisig (if a pause mechanism exists);Multisig / admin;If a Squads-controlled pause exists, have the multisig pause the program, then attempt to unstake a position;Unstake is either explicitly blocked with a clear error (if pause covers withdrawals) or explicitly still allowed (if pause only affects new stakes) — confirm which is the intended behavior and that it's enforced on-chain, not just in the UI
Unstake resumes correctly after an admin multisig unpause (if applicable);Multisig / admin;After confirming pause blocks unstake (previous case), have the multisig execute an unpause action, then retry the same unstake;Previously blocked unstake now succeeds without requiring the user to do anything beyond retrying
Unstake a position with pending unclaimed rewards;Rewards interaction;Let rewards accrue without claiming, then unstake the position directly (without a separate claim first);Pending rewards are auto-settled per design (claimed/compounded as part of unstake) — verify they are not silently forfeited
Unstake a position with zero pending rewards (already fully claimed);Rewards interaction;Claim all pending rewards on a position, then immediately unstake it;Only the principal is returned; the zero-reward edge case does not produce an error or unexpected zero-amount transfer issue
Final payout reflects time-weighted tier progression, not a retroactive final tier;Rewards interaction;Progress a position through multiple check-in tiers over time (primary/secondary rate changes), then unstake and compare the total payout to a manual calculation based on the time actually spent at each tier;Reward calculation uses the tier rate that was active during each accrual period, not the tier reached at the moment of unstake
Unstake confirmation dialog shows an accurate principal/reward breakdown before signing;UI/UX;Open the unstake confirmation modal for a position with known principal and accrued rewards;Displayed amounts (principal, rewards, total) match what is actually transferred once the transaction confirms
Rejecting the wallet signature popup during unstake leaves a clean state;UI/UX;Start an unstake flow, but click "Reject" in the Phantom signature popup instead of approving;UI returns cleanly to the pre-unstake state; the position remains staked; there is no stuck loading spinner or inconsistent partial UI state
Unstake button state matches fresh on-chain data after a hard reload;UI/UX;Reload the page (hard refresh, clearing any client cache) right at/near a position's unlock boundary and check the unstake control's enabled/disabled state;State is derived from a fresh on-chain query and matches reality, not a stale cached client-side timer
Position list updates immediately after a successful unstake;UI/UX;Complete an unstake and observe the "My Positions" list without manually refreshing the page;The unstaked position disappears (or is marked closed) immediately after transaction confirmation
Wallet balance updates immediately after a successful unstake;UI/UX;Complete an unstake and observe the displayed MEX balance without manually refreshing the page;The balance reflects the newly returned principal/rewards immediately after confirmation
Clear error is shown for non-lock-related unstake failures;UI/UX;Simulate or trigger a non-lock unstake failure (e.g. network congestion, RPC timeout, simulation failure) and observe the UI's response;A clear, specific error message is shown to the user; the failure is not silent and is distinguishable from a "still locked" rejection
